ModelID,AUC,sensitivity_label,BRCA_group
ACH-000242,0.876356015000143,sensitive,no damaging mutation
ACH-000708,1.0,resistant,no damaging mutation
ACH-000233,0.858457175947169,sensitive,no damaging mutation
ACH-000528,0.972904543644249,resistant,no damaging mutation
ACH-001655,0.990997157270292,resistant,no damaging mutation
ACH-000792,0.937704291106496,resistant,no damaging mutation
ACH-000570,0.956052791619869,resistant,no damaging mutation
ACH-000351,0.923329594053988,resistant,no damaging mutation
ACH-000769,0.909133381788856,resistant,no damaging mutation
ACH-000828,0.947921073496366,resistant,no damaging mutation
ACH-000421,0.937313274197057,resistant,no damaging mutation
ACH-000008,0.941804257102727,resistant,no damaging mutation
ACH-000800,0.936336588079613,resistant,no damaging mutation
ACH-000823,0.955882186368899,resistant,no damaging mutation
ACH-000678,0.967997003276668,resistant,no damaging mutation
ACH-000006,0.932309220488824,resistant,no damaging mutation
ACH-000754,0.949598766648838,resistant,no damaging mutation
ACH-000465,0.997859786406783,resistant,no damaging mutation
ACH-000138,0.95673936954299,resistant,no damaging mutation
ACH-000383,0.91527021030764,resistant,no damaging mutation
ACH-000917,0.90284004870681,sensitive,no damaging mutation
ACH-000117,0.9076408822513,resistant,no damaging mutation
ACH-000999,0.966545819517255,resistant,"damaging, AF<=0.95 (partial)"
ACH-000633,0.940619915379883,resistant,no damaging mutation
ACH-000176,0.873459441744263,sensitive,no damaging mutation
ACH-000020,0.932331631928439,resistant,no damaging mutation
ACH-000587,0.970055683104488,resistant,no damaging mutation
ACH-002142,0.89414025177402,sensitive,no damaging mutation
ACH-000554,0.926393421490812,resistant,no damaging mutation
ACH-001398,0.943728437574507,resistant,no damaging mutation
ACH-001332,0.886414918461453,sensitive,no damaging mutation
ACH-000585,0.931021946114694,resistant,no damaging mutation
ACH-000627,0.996364390132612,resistant,no damaging mutation
ACH-000704,0.920228066999004,resistant,no damaging mutation
ACH-000276,0.994724220263797,resistant,no damaging mutation
ACH-000075,0.928352126251891,resistant,no damaging mutation
ACH-000818,0.95472503863132,resistant,no damaging mutation
ACH-000625,1.0,resistant,no damaging mutation
ACH-000392,0.930179194660134,resistant,no damaging mutation
ACH-000269,0.876468009014836,sensitive,no damaging mutation
ACH-000856,0.872658141442736,sensitive,no damaging mutation
ACH-000376,0.901214311251235,sensitive,no damaging mutation
ACH-000729,0.949014743416599,resistant,no damaging mutation
ACH-000880,0.94153640223723,resistant,no damaging mutation
ACH-000035,0.909692381902414,resistant,no damaging mutation
ACH-000322,0.935171958316674,resistant,no damaging mutation
ACH-000552,0.978177273495494,resistant,no damaging mutation
ACH-000222,0.987243491723572,resistant,no damaging mutation
ACH-000260,0.893700410517898,sensitive,no damaging mutation
ACH-000501,0.935962429010319,resistant,no damaging mutation
ACH-000638,0.888484842548114,sensitive,no damaging mutation
ACH-000894,0.950160937541668,resistant,no damaging mutation
ACH-000223,0.953137161804191,resistant,"damaging, AF>0.95 (all copies)"
ACH-000772,0.913862779229367,resistant,no damaging mutation
ACH-000596,0.949897128348496,resistant,no damaging mutation
ACH-000978,0.931852017256906,resistant,"damaging, AF<=0.95 (partial)"
ACH-000332,0.93866149488558,resistant,no damaging mutation
ACH-000135,0.865691042150221,sensitive,no damaging mutation
ACH-000998,0.971666954464881,resistant,"damaging, AF>0.95 (all copies)"
ACH-000441,0.988573676099529,resistant,no damaging mutation
ACH-000960,0.96536723952095,resistant,"damaging, AF<=0.95 (partial)"
ACH-000098,0.898523210366092,sensitive,no damaging mutation
ACH-001336,0.928384848611722,resistant,no damaging mutation
ACH-000971,0.946693373984043,resistant,"damaging, AF<=0.95 (partial)"
ACH-000926,0.942259052162285,resistant,no damaging mutation
ACH-000019,0.958262441793021,resistant,no damaging mutation
ACH-000330,0.948115055390962,resistant,no damaging mutation
ACH-000848,0.945641513321643,resistant,no damaging mutation
ACH-000481,0.995177431765355,resistant,no damaging mutation
ACH-001517,0.969756003657936,resistant,"damaging, AF<=0.95 (partial)"
ACH-000338,0.94086454498832,resistant,no damaging mutation
ACH-001227,0.948224209628553,resistant,no damaging mutation
ACH-000871,0.889862747503845,sensitive,no damaging mutation
ACH-000805,0.924513004535552,resistant,no damaging mutation
ACH-000847,0.874973232449183,sensitive,no damaging mutation
ACH-000832,0.858026649253598,sensitive,no damaging mutation
ACH-002178,0.899037573901386,sensitive,no damaging mutation
ACH-000428,0.889818026524765,sensitive,no damaging mutation
ACH-000914,0.996232190603416,resistant,no damaging mutation
ACH-000858,0.903606363763832,resistant,no damaging mutation
ACH-000544,0.904208811758218,resistant,no damaging mutation
ACH-000566,0.939679371940351,resistant,no damaging mutation
ACH-000787,0.948288385861627,resistant,no damaging mutation
ACH-000749,0.90920371644677,resistant,"damaging, AF<=0.95 (partial)"
ACH-001328,0.951944606907874,resistant,no damaging mutation
ACH-001704,0.971831106508875,resistant,no damaging mutation
ACH-000358,0.944525649473685,resistant,no damaging mutation
ACH-001654,0.903545304845365,sensitive,no damaging mutation
ACH-000213,0.985130122992856,resistant,no damaging mutation
ACH-000991,0.967705271862126,resistant,"damaging, AF<=0.95 (partial)"
ACH-000580,0.937875852714829,resistant,no damaging mutation
ACH-000684,0.892331044467008,sensitive,no damaging mutation
ACH-000429,0.913516290393483,resistant,no damaging mutation
ACH-000643,0.916714552552286,resistant,no damaging mutation
ACH-001498,0.772693103533465,sensitive,no damaging mutation
ACH-000896,0.843102067740717,sensitive,no damaging mutation
ACH-000112,0.954947140989601,resistant,no damaging mutation
ACH-000186,0.961119415125832,resistant,no damaging mutation
ACH-000677,0.932387151717615,resistant,no damaging mutation
ACH-000055,0.855856037773553,sensitive,no damaging mutation
ACH-000672,0.957451392690075,resistant,no damaging mutation
ACH-000287,0.848374904217401,sensitive,no damaging mutation
ACH-000784,0.934616176729578,resistant,no damaging mutation
ACH-000530,0.884849734294046,sensitive,no damaging mutation
ACH-000380,0.972034732644922,resistant,no damaging mutation
ACH-001400,0.9692397084045,resistant,no damaging mutation
ACH-000009,0.966860433836259,resistant,no damaging mutation
ACH-000491,0.963854968363004,resistant,no damaging mutation
ACH-001703,0.897867051882996,sensitive,no damaging mutation
ACH-000002,0.961806605861843,resistant,no damaging mutation
ACH-000711,0.947019868128168,resistant,no damaging mutation
ACH-000702,0.922335773280152,resistant,no damaging mutation
ACH-000354,0.91867235865859,resistant,"damaging, AF>0.95 (all copies)"
ACH-000012,0.88954652615612,sensitive,no damaging mutation
ACH-000360,0.989319655035343,resistant,no damaging mutation
ACH-000249,0.966852281124253,resistant,no damaging mutation
ACH-001368,0.993960769214947,resistant,no damaging mutation
ACH-000231,0.98668911980013,resistant,no damaging mutation
ACH-000945,0.99690475976135,resistant,"damaging, AF<=0.95 (partial)"
ACH-000662,0.898535681001771,sensitive,no damaging mutation
ACH-000248,0.958283741483547,resistant,no damaging mutation
ACH-000943,0.995158330814344,resistant,"damaging, AF<=0.95 (partial)"
ACH-000751,0.938391490886431,resistant,no damaging mutation
ACH-001016,0.96124273937661,resistant,no damaging mutation
ACH-002215,0.974045661499828,resistant,no damaging mutation
ACH-000722,0.948688501168839,resistant,"damaging, AF<=0.95 (partial)"
ACH-000857,0.936017082847023,resistant,"damaging, AF<=0.95 (partial)"
ACH-000814,0.938631623765866,resistant,no damaging mutation
ACH-000197,0.833468788122256,sensitive,no damaging mutation
ACH-000949,0.971613508312064,resistant,no damaging mutation
ACH-000124,0.742988676904654,sensitive,no damaging mutation
ACH-000560,0.991586009862021,resistant,no damaging mutation
ACH-001626,0.914700901949156,resistant,no damaging mutation
ACH-000619,0.928932458055519,resistant,no damaging mutation
ACH-000546,0.92585563249128,resistant,no damaging mutation
ACH-001709,0.847260541880917,sensitive,no damaging mutation
ACH-000153,0.899977955994369,sensitive,no damaging mutation
ACH-000116,0.946127487039433,resistant,no damaging mutation
ACH-000815,0.954602844485852,resistant,no damaging mutation
ACH-000681,0.920237368141662,resistant,no damaging mutation
ACH-000070,0.735113739039862,sensitive,no damaging mutation
ACH-000484,0.986152366838376,resistant,no damaging mutation
ACH-000108,0.989308234489165,resistant,no damaging mutation
ACH-000656,0.852267130288718,sensitive,no damaging mutation
ACH-000997,0.966869963737269,resistant,"damaging, AF<=0.95 (partial)"
ACH-000866,0.834788123823208,sensitive,no damaging mutation
ACH-000819,0.978115737598684,resistant,no damaging mutation
ACH-000226,0.68829902842183,sensitive,no damaging mutation
ACH-000087,0.700008424771864,sensitive,no damaging mutation
ACH-001680,0.965389982792933,resistant,no damaging mutation
ACH-000196,0.960391082352762,resistant,"damaging, AF>0.95 (all copies)"
ACH-000258,0.857733505589014,sensitive,no damaging mutation
ACH-001193,0.936736306571774,resistant,no damaging mutation
ACH-000571,0.961695076744778,resistant,no damaging mutation
ACH-000391,0.80197634844794,sensitive,no damaging mutation
ACH-000293,0.91904049569419,resistant,no damaging mutation
ACH-000532,0.951690639927882,resistant,no damaging mutation
ACH-000584,0.966237249556849,resistant,"damaging, AF<=0.95 (partial)"
ACH-000586,0.751181683571014,sensitive,no damaging mutation
ACH-000944,0.920089895351274,resistant,no damaging mutation
ACH-000561,0.940718781738104,resistant,no damaging mutation
ACH-000394,0.914717105713203,resistant,no damaging mutation
ACH-000204,0.930709787522354,resistant,no damaging mutation
ACH-000989,0.949150403250807,resistant,"damaging, AF>0.95 (all copies)"
ACH-000691,0.954205749876091,resistant,no damaging mutation
ACH-000379,0.931769060062189,resistant,no damaging mutation
ACH-001341,0.89429506449658,sensitive,"damaging, AF>0.95 (all copies)"
ACH-000714,0.998838926835029,resistant,no damaging mutation
ACH-000937,0.974517675860579,resistant,no damaging mutation
ACH-000763,0.850996549036037,sensitive,no damaging mutation
ACH-000326,0.926986130566941,resistant,no damaging mutation
ACH-000816,0.862155148115522,sensitive,no damaging mutation
ACH-000583,0.996791262015635,resistant,no damaging mutation
ACH-000109,0.946086380609381,resistant,no damaging mutation
ACH-000864,0.996367464031078,resistant,no damaging mutation
ACH-000136,0.846917881125544,sensitive,no damaging mutation
ACH-000440,0.970685993554317,resistant,no damaging mutation
ACH-000890,0.923636558947099,resistant,no damaging mutation
ACH-000562,0.996906171480402,resistant,no damaging mutation
ACH-000748,0.895300394672479,sensitive,no damaging mutation
ACH-000565,0.993977254664014,resistant,no damaging mutation
ACH-000449,0.844690544637661,sensitive,no damaging mutation
ACH-000399,0.926093325586053,resistant,no damaging mutation
ACH-000770,0.93515751564429,resistant,no damaging mutation
ACH-000334,0.966844578194672,resistant,no damaging mutation
ACH-000374,0.967062459907972,resistant,no damaging mutation
ACH-000574,0.937344791367496,resistant,no damaging mutation
ACH-000148,0.925068454823199,resistant,no damaging mutation
ACH-000040,0.897163046980939,sensitive,no damaging mutation
ACH-000430,0.893445841065602,sensitive,no damaging mutation
ACH-001630,0.948930581621731,resistant,"damaging, AF>0.95 (all copies)"
ACH-000437,0.874916216884274,sensitive,no damaging mutation
ACH-000403,0.944302838390236,resistant,no damaging mutation
ACH-000400,0.834879377660336,sensitive,no damaging mutation
ACH-000318,1.0,resistant,no damaging mutation
ACH-000893,0.859172583473296,sensitive,no damaging mutation
ACH-000876,0.929861674793494,resistant,no damaging mutation
ACH-000235,0.937103595516065,resistant,no damaging mutation
ACH-000381,0.960642781597918,resistant,no damaging mutation
ACH-000187,0.933750021942618,resistant,no damaging mutation
ACH-000569,0.970115258687325,resistant,no damaging mutation
ACH-000668,0.92078879012755,resistant,no damaging mutation
ACH-000924,0.911645822213169,resistant,no damaging mutation
ACH-000713,0.844111821200136,sensitive,no damaging mutation
ACH-001360,0.926604478634277,resistant,no damaging mutation
ACH-000273,0.890010255225685,sensitive,no damaging mutation
ACH-001715,0.944929203386421,resistant,no damaging mutation
ACH-001617,0.875230447866526,sensitive,no damaging mutation
ACH-000639,0.774607120457442,sensitive,no damaging mutation
ACH-000094,0.915109240997499,resistant,no damaging mutation
ACH-000361,0.963028618203744,resistant,no damaging mutation
ACH-000719,0.911703684698851,resistant,no damaging mutation
ACH-000218,0.924372366236965,resistant,no damaging mutation
ACH-000789,0.90235277107796,sensitive,no damaging mutation
ACH-002170,0.999611479303535,resistant,no damaging mutation
ACH-000865,0.909716058010045,resistant,no damaging mutation
ACH-000439,0.952422018016969,resistant,no damaging mutation
ACH-000024,0.976389922153757,resistant,no damaging mutation
ACH-000674,0.981966149354295,resistant,no damaging mutation
ACH-000670,0.87529295042213,sensitive,no damaging mutation
ACH-000599,0.954242843524553,resistant,no damaging mutation
ACH-000263,0.950238421362664,resistant,no damaging mutation
ACH-000303,0.971575409968389,resistant,no damaging mutation
ACH-000793,0.921056944716925,resistant,no damaging mutation
ACH-000250,0.951914011639196,resistant,no damaging mutation
ACH-000139,0.941047980910278,resistant,no damaging mutation
ACH-000551,0.950993205928828,resistant,no damaging mutation
ACH-000744,0.855576564196536,sensitive,no damaging mutation
ACH-000420,0.945085476980031,resistant,no damaging mutation
ACH-000336,0.996610478478834,resistant,no damaging mutation
ACH-000486,0.87504467621885,sensitive,no damaging mutation
ACH-000679,0.95141222939485,resistant,no damaging mutation
ACH-000247,0.951238455818844,resistant,no damaging mutation
ACH-000947,0.951770895476561,resistant,no damaging mutation
ACH-000476,0.923868044346541,resistant,no damaging mutation
ACH-000525,0.958823839224296,resistant,no damaging mutation
ACH-000853,0.912572086096655,resistant,no damaging mutation
ACH-000955,0.957677845476289,resistant,"damaging, AF<=0.95 (partial)"
ACH-000675,0.898532251795242,sensitive,no damaging mutation
ACH-000193,0.909785551533646,resistant,no damaging mutation
ACH-000538,0.789953143443584,sensitive,no damaging mutation
ACH-000155,0.925436549747992,resistant,no damaging mutation
ACH-000270,0.954283543167504,resistant,no damaging mutation
ACH-000655,0.931332254473594,resistant,no damaging mutation
ACH-000145,0.953047637808007,resistant,no damaging mutation
ACH-000188,0.930670300566552,resistant,no damaging mutation
ACH-000146,0.981296335752912,resistant,no damaging mutation
ACH-002290,0.849987001420009,sensitive,no damaging mutation
ACH-001625,0.996677021295949,resistant,no damaging mutation
ACH-000824,0.98458547517985,resistant,no damaging mutation
ACH-000506,0.91596990827545,resistant,no damaging mutation
ACH-000061,1.0,resistant,no damaging mutation
ACH-000568,0.939087543477424,resistant,no damaging mutation
ACH-000603,0.952851424324776,resistant,no damaging mutation
ACH-000983,0.956671188319491,resistant,"damaging, AF<=0.95 (partial)"
ACH-000680,0.962091646840185,resistant,no damaging mutation
ACH-000111,0.988347419240508,resistant,no damaging mutation
ACH-000369,0.789631200120763,sensitive,no damaging mutation
ACH-000470,0.981697607821244,resistant,no damaging mutation
ACH-000118,0.940035676638914,resistant,no damaging mutation
ACH-000614,0.949057201512995,resistant,no damaging mutation
ACH-001338,0.912431539410324,resistant,no damaging mutation
ACH-000432,0.821470298203443,sensitive,no damaging mutation
ACH-000556,0.891767745211828,sensitive,no damaging mutation
ACH-001525,0.93577453187292,resistant,no damaging mutation
ACH-000637,0.936162943998755,resistant,no damaging mutation
ACH-000389,0.815818598352311,sensitive,no damaging mutation
ACH-000129,0.879937346327396,sensitive,no damaging mutation
ACH-000434,0.930752007522461,resistant,no damaging mutation
ACH-001086,0.957554659017797,resistant,no damaging mutation
ACH-000756,0.975395962255119,resistant,no damaging mutation
ACH-000396,0.93426147587406,resistant,no damaging mutation
ACH-000371,0.994938116930868,resistant,no damaging mutation
ACH-000265,0.950048450987792,resistant,no damaging mutation
ACH-000132,0.901641090349348,sensitive,"damaging, AF<=0.95 (partial)"
ACH-000613,0.981151807539454,resistant,no damaging mutation
ACH-000855,0.903211833600914,sensitive,no damaging mutation
ACH-000906,0.947595935195488,resistant,no damaging mutation
ACH-000348,0.958570434587782,resistant,no damaging mutation
ACH-000238,0.932628659728315,resistant,no damaging mutation
ACH-000359,0.94361871385834,resistant,no damaging mutation
ACH-000621,0.90745403069297,resistant,no damaging mutation
ACH-001641,0.939248251637794,resistant,no damaging mutation
ACH-000056,0.720417905542045,sensitive,no damaging mutation
ACH-000514,0.986661014777535,resistant,no damaging mutation
ACH-000936,0.998825459929716,resistant,no damaging mutation
ACH-000716,0.903177984299372,sensitive,no damaging mutation
ACH-000988,0.882743098388735,sensitive,no damaging mutation
ACH-001350,0.91913647613312,resistant,no damaging mutation
ACH-000065,0.923798621122271,resistant,no damaging mutation
ACH-000609,0.899288465166802,sensitive,no damaging mutation
ACH-000504,0.884126540456005,sensitive,no damaging mutation
ACH-000956,0.94907262293699,resistant,"damaging, AF<=0.95 (partial)"
ACH-000652,0.922949930411498,resistant,no damaging mutation
ACH-000414,0.930016066594905,resistant,no damaging mutation
ACH-000472,0.915173184282046,resistant,no damaging mutation
ACH-000007,0.893246370708017,sensitive,no damaging mutation
ACH-000386,0.973281841990982,resistant,no damaging mutation
ACH-000755,0.973646365160848,resistant,no damaging mutation
ACH-000665,0.928581601360318,resistant,no damaging mutation
ACH-000078,0.89189533138675,sensitive,no damaging mutation
ACH-000518,0.919974622090792,resistant,no damaging mutation
ACH-000252,0.92351426214342,resistant,no damaging mutation
ACH-000572,0.875648129515705,sensitive,no damaging mutation
ACH-001605,0.927132128064935,resistant,no damaging mutation
ACH-000277,0.966501456226749,resistant,no damaging mutation
ACH-000786,0.888942763513803,sensitive,no damaging mutation
ACH-000803,0.901429849863217,sensitive,no damaging mutation
ACH-000724,0.932248819445676,resistant,no damaging mutation
ACH-000522,0.984356977278354,resistant,no damaging mutation
ACH-001549,0.967833392598363,resistant,no damaging mutation
ACH-000706,1.0,resistant,no damaging mutation
ACH-000548,0.939562962112059,resistant,no damaging mutation
ACH-000425,0.991835722767585,resistant,no damaging mutation
ACH-000375,0.893853931368639,sensitive,no damaging mutation
ACH-000654,0.942976919418624,resistant,no damaging mutation
ACH-000882,0.941032531684099,resistant,no damaging mutation
ACH-000210,0.894865183625632,sensitive,no damaging mutation
ACH-000254,0.924966437354516,resistant,no damaging mutation
ACH-000090,0.936274416545252,resistant,no damaging mutation
ACH-001650,0.939347981676776,resistant,no damaging mutation
ACH-000605,0.915971976781869,resistant,no damaging mutation
ACH-000004,0.969350155058931,resistant,no damaging mutation
ACH-001443,0.917888488100619,resistant,no damaging mutation
ACH-000688,0.976308630529845,resistant,no damaging mutation
ACH-000821,0.971361651184247,resistant,no damaging mutation
ACH-000951,0.919572287821136,resistant,no damaging mutation
ACH-000547,0.885873191188818,sensitive,no damaging mutation
ACH-000826,0.999503921622514,resistant,no damaging mutation
ACH-000162,0.911460011399755,resistant,no damaging mutation
ACH-000018,0.954263558948252,resistant,no damaging mutation
ACH-000092,0.895780240929699,sensitive,no damaging mutation
ACH-000648,0.92650816779158,resistant,no damaging mutation
ACH-000950,0.97331644730694,resistant,no damaging mutation
ACH-000050,0.984906082223349,resistant,no damaging mutation
ACH-001106,0.735305997776415,sensitive,no damaging mutation
ACH-000367,0.985550785483261,resistant,no damaging mutation
ACH-000589,0.953546472757623,resistant,no damaging mutation
ACH-000424,0.845626672525639,sensitive,no damaging mutation
ACH-000616,0.909390121685671,resistant,no damaging mutation
ACH-000628,0.903924006152946,resistant,no damaging mutation
ACH-000232,0.93680344255654,resistant,no damaging mutation
ACH-000806,0.890861856209308,sensitive,no damaging mutation
ACH-000099,0.918018242616581,resistant,no damaging mutation
ACH-000902,0.905789511342421,resistant,no damaging mutation
ACH-000649,0.928269002031484,resistant,no damaging mutation
ACH-000149,0.919840391747629,resistant,no damaging mutation
ACH-000142,0.910488275752018,resistant,no damaging mutation
ACH-000227,0.928092099066194,resistant,no damaging mutation
ACH-000697,0.896569157877605,sensitive,no damaging mutation
ACH-000264,0.897094449622522,sensitive,no damaging mutation
ACH-000809,0.918232724562888,resistant,no damaging mutation
ACH-000100,0.952478152920096,resistant,no damaging mutation
ACH-000001,0.91921134111395,resistant,no damaging mutation
ACH-000957,0.927085561367224,resistant,"damaging, AF<=0.95 (partial)"
ACH-000650,0.978724894073384,resistant,no damaging mutation
ACH-000922,0.833787753411322,sensitive,no damaging mutation
ACH-001606,0.902799295605489,sensitive,no damaging mutation
ACH-000859,0.950021355827655,resistant,no damaging mutation
ACH-000410,0.940590955213682,resistant,no damaging mutation
ACH-000927,0.944173930114637,resistant,"damaging, AF<=0.95 (partial)"
ACH-000694,0.883809081287445,sensitive,no damaging mutation
ACH-000935,0.924669497328126,resistant,no damaging mutation
ACH-000918,0.82368906399153,sensitive,no damaging mutation
ACH-000974,0.968241635116085,resistant,no damaging mutation
ACH-000243,0.968784786602788,resistant,no damaging mutation
ACH-001418,0.856403023968103,sensitive,"damaging, AF>0.95 (all copies)"
ACH-000362,0.883694924031444,sensitive,no damaging mutation
ACH-000843,0.948468517027122,resistant,no damaging mutation
ACH-000840,0.998544626295868,resistant,no damaging mutation
ACH-001528,0.870488950910955,sensitive,no damaging mutation
ACH-000045,0.811215523204907,sensitive,no damaging mutation
ACH-000508,0.945129447107062,resistant,"damaging, AF<=0.95 (partial)"
ACH-000577,0.934320353451706,resistant,no damaging mutation
ACH-000768,0.953137629479297,resistant,no damaging mutation
ACH-000636,0.909364660233832,resistant,no damaging mutation
ACH-000667,0.908815128359847,resistant,no damaging mutation
ACH-000905,0.876158082899532,sensitive,no damaging mutation
ACH-000838,1.0,resistant,no damaging mutation
ACH-000822,0.973618959842412,resistant,no damaging mutation
ACH-000349,0.9286879065919,resistant,no damaging mutation
ACH-000527,0.958530745627225,resistant,no damaging mutation
ACH-000516,0.95488226167561,resistant,no damaging mutation
ACH-000812,0.982372386034352,resistant,no damaging mutation
ACH-000524,0.957647090989748,resistant,"damaging, AF<=0.95 (partial)"
ACH-000611,0.954229676535433,resistant,no damaging mutation
ACH-000411,0.879032146372216,sensitive,no damaging mutation
ACH-000718,0.996746379220207,resistant,no damaging mutation
ACH-000903,0.943427003091848,resistant,no damaging mutation
ACH-000433,0.971681984688531,resistant,no damaging mutation
ACH-000696,0.942495955495038,resistant,no damaging mutation
ACH-000747,0.910759679903755,resistant,no damaging mutation
ACH-001307,0.892343012525996,sensitive,no damaging mutation
ACH-000341,0.906517545493373,resistant,no damaging mutation
ACH-000417,0.940953003277547,resistant,no damaging mutation
ACH-000120,0.898414286561316,sensitive,no damaging mutation
ACH-001542,0.935545671538235,resistant,no damaging mutation
ACH-000438,0.998875284934367,resistant,no damaging mutation
ACH-000653,0.969918466670028,resistant,no damaging mutation
ACH-000323,0.952506766481806,resistant,no damaging mutation
ACH-000021,0.941370411267754,resistant,no damaging mutation
ACH-000980,0.905694688520645,resistant,no damaging mutation
ACH-000106,0.851931807625471,sensitive,no damaging mutation
ACH-001021,0.908614378939803,resistant,no damaging mutation
ACH-000730,0.990378403224495,resistant,no damaging mutation
ACH-001334,0.892982312322744,sensitive,no damaging mutation
ACH-000698,0.928335490595757,resistant,no damaging mutation
ACH-000802,0.938476462617817,resistant,no damaging mutation
ACH-000573,0.975642184748743,resistant,"damaging, AF>0.95 (all copies)"
ACH-000963,0.954328007310536,resistant,"damaging, AF<=0.95 (partial)"
ACH-001653,0.921172848135431,resistant,no damaging mutation
ACH-000852,0.924720096325005,resistant,no damaging mutation
ACH-001500,0.925151495087972,resistant,no damaging mutation
ACH-001190,0.952887379737965,resistant,no damaging mutation
ACH-000364,0.919147286962909,resistant,no damaging mutation
ACH-000448,0.9635323401139,resistant,no damaging mutation
ACH-000979,0.950760636533416,resistant,no damaging mutation
ACH-000932,0.909139573615067,resistant,"damaging, AF<=0.95 (partial)"
ACH-000783,0.899858617155647,sensitive,no damaging mutation
ACH-000301,0.9626336287588,resistant,no damaging mutation
ACH-000976,0.900401652181615,sensitive,no damaging mutation
ACH-000867,0.978339906621787,resistant,no damaging mutation
ACH-000304,0.938535556421182,resistant,no damaging mutation
ACH-001374,0.935901219175127,resistant,no damaging mutation
ACH-000305,0.900989923592252,sensitive,no damaging mutation
ACH-000072,0.869800435645631,sensitive,no damaging mutation
ACH-000766,0.980832166230632,resistant,no damaging mutation
ACH-000343,0.936389739431666,resistant,no damaging mutation
ACH-000171,0.940103037084248,resistant,no damaging mutation
ACH-000535,0.950501192187863,resistant,no damaging mutation
ACH-000178,0.941184578162724,resistant,no damaging mutation
ACH-001306,0.866227723216575,sensitive,no damaging mutation
ACH-000372,0.930982308502388,resistant,no damaging mutation
ACH-000804,0.978067699660947,resistant,no damaging mutation
ACH-000733,0.966911372079414,resistant,no damaging mutation
ACH-001603,0.864009716668181,sensitive,no damaging mutation
ACH-000810,0.994250335553328,resistant,no damaging mutation
ACH-000717,0.963193202918753,resistant,no damaging mutation
ACH-000738,0.926837415732992,resistant,no damaging mutation
ACH-000780,0.900503206384776,sensitive,no damaging mutation
ACH-000759,0.948331705244704,resistant,no damaging mutation
ACH-000969,0.973903672682176,resistant,"damaging, AF<=0.95 (partial)"
ACH-000873,0.916851810432503,resistant,no damaging mutation
ACH-001373,0.995419299113768,resistant,no damaging mutation
ACH-000082,0.926331005262103,resistant,no damaging mutation
ACH-000488,0.926951271188579,resistant,no damaging mutation
ACH-000790,0.948643686919049,resistant,no damaging mutation
ACH-000647,0.916431292177828,resistant,no damaging mutation
ACH-000156,0.768677264408902,sensitive,no damaging mutation
ACH-000315,0.998374404363689,resistant,no damaging mutation
ACH-000201,0.922683942678694,resistant,no damaging mutation
ACH-000965,0.923133724469744,resistant,"damaging, AF<=0.95 (partial)"
ACH-000883,0.881750791710361,sensitive,no damaging mutation
ACH-000482,0.929658154974084,resistant,no damaging mutation
ACH-000450,0.984572095846997,resistant,no damaging mutation
ACH-000835,0.925300019325866,resistant,no damaging mutation
ACH-000874,0.919786902167999,resistant,no damaging mutation
ACH-000910,0.933713264588172,resistant,no damaging mutation
ACH-000693,0.975603062657781,resistant,no damaging mutation
ACH-000811,0.917779772264286,resistant,no damaging mutation
ACH-000101,0.945011782167436,resistant,no damaging mutation
ACH-000423,0.949184067236756,resistant,no damaging mutation
ACH-000290,0.684691505198502,sensitive,no damaging mutation
ACH-001519,0.946553129617764,resistant,no damaging mutation
ACH-001497,0.955838188034358,resistant,no damaging mutation
ACH-000817,0.93545810968476,resistant,no damaging mutation
ACH-000378,0.885106711546899,sensitive,no damaging mutation
ACH-000913,0.968282871243426,resistant,no damaging mutation
ACH-002291,0.820975283928042,sensitive,"damaging, AF<=0.95 (partial)"
ACH-000767,0.90368561102507,resistant,no damaging mutation
ACH-001642,0.904566731116803,resistant,no damaging mutation
ACH-000451,0.955312750023717,resistant,no damaging mutation
ACH-000879,0.899131382802882,sensitive,no damaging mutation
ACH-000189,0.980218006878059,resistant,no damaging mutation
ACH-000660,0.788694602131106,sensitive,no damaging mutation
ACH-000915,0.985381545740853,resistant,no damaging mutation
ACH-000480,0.910719480460322,resistant,no damaging mutation
ACH-000745,0.950876338620567,resistant,no damaging mutation
ACH-000395,0.981188343092065,resistant,no damaging mutation
ACH-000916,0.975494344870366,resistant,no damaging mutation
ACH-000295,0.961986562781102,resistant,no damaging mutation
ACH-000292,0.927418992474592,resistant,no damaging mutation
ACH-000137,0.943167689079816,resistant,no damaging mutation
ACH-000308,0.946929169149417,resistant,no damaging mutation
ACH-000144,0.954392118077079,resistant,no damaging mutation
ACH-000048,0.989537125984233,resistant,no damaging mutation
ACH-000463,0.806703823232272,sensitive,no damaging mutation
ACH-000881,0.982220884419901,resistant,no damaging mutation
ACH-000147,0.946766510025159,resistant,no damaging mutation
ACH-000930,0.996993319723433,resistant,"damaging, AF<=0.95 (partial)"
ACH-000366,0.880638332324052,sensitive,no damaging mutation
ACH-001526,0.88896542307098,sensitive,no damaging mutation
ACH-000861,0.893853863485552,sensitive,no damaging mutation
ACH-000107,0.940396997471528,resistant,no damaging mutation
ACH-001530,0.892317545864073,sensitive,no damaging mutation
ACH-000651,0.952215229357798,resistant,no damaging mutation
ACH-000563,0.90209037307574,sensitive,no damaging mutation
ACH-000058,0.898720256922131,sensitive,no damaging mutation
ACH-000345,0.889353906914632,sensitive,no damaging mutation
ACH-000355,0.993152616351333,resistant,no damaging mutation
ACH-000962,0.962651821170704,resistant,"damaging, AF<=0.95 (partial)"
ACH-000473,0.937187336538563,resistant,no damaging mutation
ACH-000192,0.969339444358046,resistant,no damaging mutation
ACH-001344,0.900232107371494,sensitive,no damaging mutation
ACH-000757,0.918157230380761,resistant,no damaging mutation
ACH-000054,0.922678710143391,resistant,no damaging mutation
ACH-000601,0.956556228964368,resistant,no damaging mutation
ACH-000966,0.906520908338174,resistant,"damaging, AF<=0.95 (partial)"
ACH-000225,0.98820229052069,resistant,no damaging mutation
ACH-000657,0.893098997625987,sensitive,no damaging mutation
ACH-000624,0.908147793598923,resistant,no damaging mutation
ACH-000699,0.887230705596851,sensitive,"damaging, AF>0.95 (all copies)"
ACH-000740,0.964007816215441,resistant,no damaging mutation
ACH-000447,0.896667530066343,sensitive,no damaging mutation
ACH-000319,0.921125523242428,resistant,no damaging mutation
ACH-000198,0.867935390827227,sensitive,no damaging mutation
ACH-000104,0.995277253478451,resistant,no damaging mutation
ACH-000892,0.915139963373082,resistant,no damaging mutation
ACH-000493,0.965418920197964,resistant,no damaging mutation
ACH-000042,0.97712076543278,resistant,no damaging mutation
ACH-000221,0.935237269498119,resistant,no damaging mutation
ACH-000356,0.981770032633771,resistant,no damaging mutation
ACH-000457,0.954565084958858,resistant,no damaging mutation
ACH-000244,0.8971968392548,sensitive,no damaging mutation
ACH-000610,0.931647746534878,resistant,no damaging mutation
ACH-000081,0.825440188869988,sensitive,no damaging mutation
ACH-000352,0.945848662041215,resistant,"damaging, AF>0.95 (all copies)"
ACH-000416,0.903892695269701,resistant,no damaging mutation
ACH-000752,0.907717089027017,resistant,no damaging mutation
ACH-000236,0.926295664642224,resistant,no damaging mutation
ACH-000401,0.972438183527373,resistant,no damaging mutation
ACH-000875,0.95196879251108,resistant,"damaging, AF<=0.95 (partial)"
ACH-000626,0.909398814582171,resistant,no damaging mutation
ACH-000442,0.95401328308951,resistant,no damaging mutation
ACH-000159,0.951617313973125,resistant,no damaging mutation
ACH-000191,0.918513787363309,resistant,no damaging mutation
ACH-000103,0.921370152979959,resistant,no damaging mutation
ACH-000841,0.887266633272662,sensitive,no damaging mutation
ACH-000615,0.992874873760781,resistant,no damaging mutation
ACH-000464,0.925426290381903,resistant,no damaging mutation
ACH-000622,0.9246937986054,resistant,no damaging mutation
ACH-000452,0.914928655971155,resistant,no damaging mutation
ACH-001401,0.936289194824248,resistant,no damaging mutation
ACH-000365,0.986200038365402,resistant,no damaging mutation
ACH-000475,0.984096729026243,resistant,no damaging mutation
ACH-000860,0.904181403876064,resistant,no damaging mutation
ACH-000074,0.943385507831976,resistant,no damaging mutation
ACH-000259,0.932474476325869,resistant,no damaging mutation
ACH-000720,0.924359266507589,resistant,no damaging mutation
ACH-001345,0.970426503720008,resistant,no damaging mutation
ACH-000558,0.859852148613113,sensitive,no damaging mutation
ACH-000664,0.999904878298584,resistant,no damaging mutation
ACH-000177,0.990926588107583,resistant,no damaging mutation
ACH-000335,0.937267876106997,resistant,no damaging mutation
ACH-000940,0.919700481344221,resistant,no damaging mutation
ACH-000631,0.968745473391689,resistant,no damaging mutation
ACH-000207,0.918081519480887,resistant,no damaging mutation
ACH-000995,0.890045129077338,sensitive,no damaging mutation
ACH-000373,0.963794097661502,resistant,no damaging mutation
ACH-000953,0.933839643066041,resistant,no damaging mutation
ACH-000846,0.936167051958373,resistant,no damaging mutation
ACH-001702,0.959107522792502,resistant,no damaging mutation
ACH-000929,0.994495371991607,resistant,no damaging mutation
ACH-000948,0.956292212757588,resistant,no damaging mutation
ACH-000981,0.938559599303107,resistant,no damaging mutation
ACH-000617,0.984217147675058,resistant,no damaging mutation
ACH-000311,0.946286656865737,resistant,no damaging mutation
ACH-000456,0.865066446668273,sensitive,no damaging mutation
ACH-000496,0.983060119058666,resistant,no damaging mutation
ACH-000062,0.892740958370389,sensitive,no damaging mutation
ACH-000536,0.976357723957043,resistant,no damaging mutation
ACH-000878,0.914991820956938,resistant,no damaging mutation
ACH-000427,0.942419273532746,resistant,no damaging mutation
ACH-000938,0.81134198886743,sensitive,no damaging mutation
ACH-000939,0.987374960562219,resistant,no damaging mutation
ACH-000515,0.956838142568017,resistant,no damaging mutation
ACH-000919,0.926502302996153,resistant,no damaging mutation
ACH-000863,0.900576782583803,sensitive,no damaging mutation
ACH-000581,0.856033441688237,sensitive,no damaging mutation
ACH-001384,0.947566148793177,resistant,no damaging mutation
ACH-000827,0.946600072538107,resistant,no damaging mutation
ACH-000778,0.964326659263371,resistant,no damaging mutation
ACH-000825,0.921605351805027,resistant,no damaging mutation
ACH-000743,0.760679873019699,sensitive,no damaging mutation
ACH-000157,0.93026298490276,resistant,no damaging mutation
ACH-000958,0.925222223518338,resistant,"damaging, AF>0.95 (all copies)"
ACH-000228,0.942834854563477,resistant,no damaging mutation
ACH-000174,0.924607981062406,resistant,no damaging mutation
ACH-000245,0.932061935329101,resistant,no damaging mutation
ACH-000620,0.857453006845673,sensitive,no damaging mutation
ACH-000168,0.899817375583886,sensitive,no damaging mutation
ACH-000257,0.781320699440393,sensitive,no damaging mutation
ACH-000211,0.875298209131543,sensitive,no damaging mutation
ACH-000987,0.954952515526053,resistant,no damaging mutation
ACH-000073,0.891050386733867,sensitive,no damaging mutation
ACH-000212,0.962127298696407,resistant,no damaging mutation
ACH-000096,0.861939855703799,sensitive,no damaging mutation
ACH-000776,0.945211849341409,resistant,no damaging mutation
ACH-000521,0.922784923247718,resistant,no damaging mutation
ACH-001716,0.862298000874508,sensitive,no damaging mutation
ACH-000644,0.862944243546291,sensitive,no damaging mutation
ACH-000849,0.879196609499862,sensitive,no damaging mutation
ACH-000219,0.897301495871068,sensitive,no damaging mutation
ACH-000384,0.902459977538962,sensitive,no damaging mutation
ACH-001274,0.87121802084649,sensitive,no damaging mutation
ACH-000091,0.913107042684254,resistant,no damaging mutation
ACH-000911,0.973339290870274,resistant,no damaging mutation
ACH-000869,0.885335294621653,sensitive,no damaging mutation
ACH-000267,0.990742716239194,resistant,no damaging mutation
ACH-000489,0.973932911087342,resistant,no damaging mutation
ACH-000431,0.950240940937241,resistant,no damaging mutation
ACH-001489,0.975737451977659,resistant,no damaging mutation
ACH-000443,0.985487656053261,resistant,no damaging mutation
ACH-000986,0.99171559010439,resistant,"damaging, AF<=0.95 (partial)"
ACH-000023,0.973201861417644,resistant,no damaging mutation
ACH-000151,0.969022266162617,resistant,no damaging mutation
ACH-000607,0.833521330782676,sensitive,no damaging mutation
ACH-000703,0.795743430448319,sensitive,no damaging mutation
ACH-000113,0.864534271331229,sensitive,no damaging mutation
ACH-000337,0.952144120456672,resistant,no damaging mutation
ACH-000281,0.950558503389239,resistant,no damaging mutation
ACH-000985,0.990365513623442,resistant,no damaging mutation
ACH-000347,0.995889445331508,resistant,no damaging mutation
ACH-001399,0.982027937797277,resistant,no damaging mutation
ACH-000595,0.901960931420029,sensitive,no damaging mutation
ACH-000298,1.0,resistant,no damaging mutation
ACH-000353,0.947137597908608,resistant,no damaging mutation
ACH-000363,0.949069185814806,resistant,no damaging mutation
ACH-000350,0.968517625195502,resistant,no damaging mutation
ACH-000053,0.802783456071102,sensitive,no damaging mutation
ACH-001543,0.997724269297908,resistant,no damaging mutation
ACH-000663,0.942410102468917,resistant,no damaging mutation
ACH-000346,0.793902027174416,sensitive,no damaging mutation
ACH-000970,0.932882517374027,resistant,no damaging mutation
ACH-001333,0.949862327291414,resistant,no damaging mutation
ACH-000794,0.905121727069234,resistant,no damaging mutation
ACH-000291,0.947986292344086,resistant,no damaging mutation
ACH-001453,0.87558872838201,sensitive,no damaging mutation
ACH-000886,0.924358056552526,resistant,no damaging mutation
ACH-000888,0.934463869752998,resistant,no damaging mutation
ACH-000030,0.930423487542591,resistant,no damaging mutation
ACH-000271,0.903163909694482,sensitive,no damaging mutation
ACH-000555,0.941601666571157,resistant,no damaging mutation
ACH-000478,0.903081237850671,sensitive,no damaging mutation
ACH-000775,0.881052340430984,sensitive,no damaging mutation
ACH-002214,0.991238103588228,resistant,no damaging mutation
ACH-001442,0.908461697719423,resistant,no damaging mutation
ACH-000559,1.0,resistant,no damaging mutation
ACH-000510,0.998920997785019,resistant,no damaging mutation
ACH-002283,0.998131510902086,resistant,no damaging mutation
ACH-000169,0.938461869117012,resistant,no damaging mutation
ACH-001402,0.974888050158538,resistant,no damaging mutation
ACH-000067,0.992180762099986,resistant,no damaging mutation
ACH-000640,0.943564182199535,resistant,no damaging mutation
ACH-001674,0.873468560990806,sensitive,no damaging mutation
ACH-000469,0.904848734768464,resistant,no damaging mutation
ACH-000977,0.849629594248512,sensitive,no damaging mutation
ACH-000579,0.897021816815919,sensitive,no damaging mutation
ACH-000183,1.0,resistant,no damaging mutation
ACH-000408,0.972583325106491,resistant,no damaging mutation
ACH-001496,0.919198640641244,resistant,no damaging mutation
ACH-000788,0.91138051380001,resistant,no damaging mutation
ACH-001151,0.93994754065648,resistant,no damaging mutation
ACH-000015,0.993047585519035,resistant,no damaging mutation
ACH-000288,0.957382212619979,resistant,no damaging mutation
ACH-000357,0.970157819176696,resistant,no damaging mutation
ACH-001064,0.969669084022306,resistant,no damaging mutation
ACH-000567,0.992715838333993,resistant,no damaging mutation
ACH-001075,0.937451556289942,resistant,no damaging mutation
ACH-000105,0.925621155846365,resistant,no damaging mutation
ACH-000885,0.946499140793185,resistant,no damaging mutation
ACH-000900,0.874715052513465,sensitive,no damaging mutation
ACH-000666,0.948678012902625,resistant,no damaging mutation
ACH-000217,0.998861175728528,resistant,no damaging mutation
ACH-001638,0.94564972529661,resistant,no damaging mutation
ACH-000181,0.958637400071986,resistant,no damaging mutation
ACH-000115,0.928194382957627,resistant,no damaging mutation
ACH-000121,0.914505855511249,resistant,no damaging mutation
ACH-001711,0.945194244645302,resistant,no damaging mutation
ACH-000934,0.89038707706571,sensitive,no damaging mutation
ACH-001529,0.973433025678503,resistant,no damaging mutation
ACH-000320,0.917940682457482,resistant,no damaging mutation
ACH-000505,0.923949106242375,resistant,no damaging mutation
ACH-000781,0.95546410684645,resistant,no damaging mutation
ACH-000059,0.688846616979844,sensitive,no damaging mutation
ACH-000920,0.84561723600889,sensitive,no damaging mutation
ACH-000294,0.870836309538304,sensitive,no damaging mutation
ACH-000200,0.938834570882493,resistant,no damaging mutation
ACH-000046,0.906355361061898,resistant,no damaging mutation
ACH-000968,0.950114285859836,resistant,no damaging mutation
ACH-000830,0.932670817687707,resistant,no damaging mutation
ACH-000114,0.902791694901918,sensitive,no damaging mutation
ACH-001578,0.939379133261576,resistant,no damaging mutation
ACH-000973,0.887203627681981,sensitive,no damaging mutation
ACH-000750,0.906328578570146,resistant,no damaging mutation
ACH-000052,0.840491016666078,sensitive,no damaging mutation
